RK,WSID,Player Name,POS,BEST,WORST,AVG.,STD.DEV,ECR VS. ADP
1,,Shohei Ohtani (LAD),DH1,1,2,1.2,0.3,0
2,,Aaron Judge (NYY),OF1,1,2,1.7,0.5,0
3,,Bobby Witt Jr. (KC),SS1,3,7,3.1,0.3,1
4,,Juan Soto (NYM),OF2,3,6,3.9,0.5,1
5,,Jose Ramirez (CLE),3B1,4,18,6.1,1.6,1
6,,Ronald Acuna Jr. (ATL),OF3,5,12,6.3,1.5,2
7,,Julio Rodriguez (SEA),OF4,5,13,8.5,1.8,4
8,,Elly De La Cruz (CIN),SS2,5,14,8.9,2.2,1
9,,Tarik Skubal (DET),SP1,5,22,9.5,2.9,-2
10,,Kyle Tucker (LAD),OF5,6,20,10.2,2.4,3
11,,Fernando Tatis Jr. (SD),OF6,7,17,11.7,1.9,4
12,,Paul Skenes (PIT),SP2,8,20,11.8,2.3,-2
13,,Gunnar Henderson (BAL),SS3,8,22,12.9,2.6,4
14,,Garrett Crochet (BOS),SP3,7,24,14.2,4.1,-2
15,,Vladimir Guerrero Jr. (TOR),1B1,4,24,17,2.9,5
16,,Nick Kurtz (ATH),1B2,9,34,17.5,1.9,3
17,,Junior Caminero (TB),3B2,10,42,17.9,5.7,1
18,,Cal Raleigh (SEA),C1,11,33,18.8,2.8,-2
19,,Jackson Chourio (MIL),OF7,10,47,19.2,3.9,4
20,,Corbin Carroll (ARI),OF8,8,37,19.6,5.6,-6
21,,Kyle Schwarber (PHI),DH2,14,38,21.1,3.5,0
22,,Jazz Chisholm Jr. (NYY),2B1,15,51,21.6,4,2
23,,Pete Alonso (BAL),1B3,13,33,23.1,2.6,3
24,,Trea Turner (PHI),SS4,19,79,25,5.5,5
25,,Ketel Marte (ARI),2B2,15,40,27.3,4.4,2
26,,Yordan Alvarez (HOU),OF9,14,49,28.1,6.5,5
,,,,,,,,
27,,Francisco Lindor (NYM),SS5,17,41,29.5,6.1,-5
28,,Yoshinobu Yamamoto (LAD),SP4,21,42,30.6,5.3,-3
29,,Cristopher Sanchez (PHI),SP5,23,41,31,4.4,-1
30,,James Wood (WSH),OF10,22,67,33.2,4.7,3
31,,Pete Crow-Armstrong (CHC),OF11,23,111,33.5,7.4,-1
32,,Manny Machado (SD),3B3,21,41,33.6,4.5,0
33,,Zach Neto (LAA),SS6,16,57,33.7,8.6,1
34,,Bryce Harper (PHI),1B4,20,49,33.9,7.6,4
35,,Matt Olson (ATL),1B5,24,53,34.4,4.6,2
36,,Hunter Brown (HOU),SP6,25,52,35.1,5,-1
37,,Rafael Devers (SF),1B6,14,65,36.6,7.6,3
38,,Chris Sale (ATL),SP7,32,53,38.6,3.9,3
39,,Logan Gilbert (SEA),SP8,33,72,38.6,2.2,0
40,,Mookie Betts (LAD),SS7,26,64,41.3,7.9,7
41,,Bryan Woo (SEA),SP9,32,71,41.8,4.1,-5
42,,Brent Rooker (ATH),OF12,28,136,41.9,9.8,1
43,,Hunter Greene (CIN),SP10,38,53,45.2,3,2
44,,Jacob deGrom (TEX),SP11,34,57,45.5,6,7
45,,Cole Ragans (KC),SP12,31,55,46.4,6,8
46,,Logan Webb (SF),SP13,36,73,49.6,9.7,4
47,,Wyatt Langford (TEX),OF13,31,89,49.8,10.1,2
48,,Roman Anthony (BOS),OF14,27,71,51.1,10.6,4
49,,Max Fried (NYY),SP14,42,73,51.5,5.9,-3
50,,Freddie Freeman (LAD),1B7,25,94,53.6,12,4
51,,Brice Turang (MIL),2B3,26,160,56.8,13.8,-3
52,,Austin Riley (ATL),3B4,35,90,57.4,10.1,12
53,,Freddy Peralta (NYM),SP15,41,84,58.2,8.2,6
54,,George Kirby (SEA),SP16,41,81,59.7,6.8,16
55,,Jackson Merrill (SD),CF1,36,92,59.9,11.4,11
56,,Riley Greene (DET),OF15,40,162,59.9,9.1,6
57,,Edwin Diaz (LAD),RP1,28,81,60,16,-13
58,,Jarren Duran (BOS),OF16,33,90,61.5,9.2,7
59,,Mason Miller (SD),RP2,29,158,61.6,17.6,-17
60,,Josh Naylor (SEA),1B8,40,183,61.9,12.4,-3
61,,Cody Bellinger (NYY),OF17,46,158,62.6,11,-5
62,,CJ Abrams (WSH),SS8,41,82,62.7,9.5,6
63,,William Contreras (MIL),C2,34,80,63.4,8.7,-5
64,,Joe Ryan (MIN),SP17,54,95,64.4,9.2,3
65,,Dylan Cease (TOR),SP18,54,92,65.7,9,8
66,,Jesus Luzardo (PHI),SP19,59,101,70.2,7.3,11
67,,Vinnie Pasquantino (KC),1B9,43,163,71.7,10.4,15
68,,Andres Munoz (SEA),RP3,34,112,72.1,17.7,-13
69,,Jhoan Duran (PHI),RP4,36,182,72.1,18.3,-9
70,,Kyle Bradish (BAL),SP20,50,120,73.4,7.6,8
71,,Corey Seager (TEX),SS9,41,169,73.5,14.7,18
72,,Shea Langeliers (ATH),C3,51,105,74.1,13.6,0
73,,Framber Valdez (DET),SP21,60,92,74.6,7.5,6
74,,Ben Rice (NYY),1B10,47,166,75.9,16.3,-5
75,,Maikel Garcia (KC),2B4,47,165,76.2,15.8,-4
76,,Geraldo Perdomo (ARI),SS10,36,159,76.5,14.2,-15
77,,George Springer (TOR),OF18,44,172,78.9,16.1,-2
78,,Byron Buxton (MIN),CF2,53,164,80.1,17.8,-4
79,,Bo Bichette (NYM),SS11,54,191,81.2,13.8,1
80,,Seiya Suzuki (CHC),OF19,51,177,83.4,12.2,7
81,,Jeremy Pena (HOU),SS12,67,168,84.2,10.4,15
82,,Randy Arozarena (SEA),OF20,60,174,85.5,9.8,4
83,,Nick Pivetta (SD),SP22,65,113,85.6,9.7,5
84,,Hunter Goodman (COL),C4,49,175,87.3,20.9,-8
85,,Cade Smith (CLE),RP5,37,183,87.8,35.2,-22
86,,Tyler Soderstrom (ATH),1B11,46,161,88.5,13.8,-1
87,,Eury Perez (MIA),SP23,67,141,90.8,18,13
88,,Nolan McLean (NYM),SP24,66,129,92.7,16.4,19
89,,Blake Snell (LAD),SP25,58,175,93.4,28.2,-6
90,,Michael Harris II (ATL),OF21,69,170,94.6,15.2,14
,,,,,,,,
91,,Eugenio Suarez (CIN),3B5,58,178,94.8,14.9,3
92,,Alex Bregman (CHC),3B6,29,187,98.1,18.2,6
93,,Kevin Gausman (TOR),SP26,63,115,98.1,12.4,15
94,,Oneil Cruz (PIT),CF3,75,176,101,15.7,-3
95,,Nico Hoerner (CHC),2B5,77,180,102.4,8.3,0
96,,Michael Busch (CHC),1B12,92,189,102.6,7.8,13
97,,Tyler Glasnow (LAD),SP27,73,132,103.2,17.7,15
98,,Jose Altuve (HOU),2B6,66,193,103.7,21,1
99,,Spencer Strider (ATL),SP28,63,176,104,32.2,-2
100,,Aroldis Chapman (BOS),RP6,54,253,110.4,45.6,-19
101,,David Bednar (NYY),RP7,45,249,111.1,46.9,-17
102,,Trevor Story (BOS),SS13,80,173,111.3,16.7,11
103,,Yandy Diaz (TB),1B13,65,207,111.4,12.8,20
104,,Sonny Gray (BOS),SP29,68,172,112.1,20.3,1
105,,Kyle Stowers (MIA),OF22,85,192,112.1,27.5,11
106,,Teoscar Hernandez (LAD),OF23,90,184,113.1,15.9,11
107,,Salvador Perez (KC),C5,90,181,113.6,15.8,-6
108,,Christian Yelich (MIL),OF24,56,196,113.8,31.3,-6
109,,Brandon Woodruff (MIL),SP30,77,153,114.4,17.1,6
110,,Trey Yesavage (TOR),SP31,78,152,115.4,16.7,41
111,,Willy Adames (SF),SS14,80,194,115.7,21.4,8
112,,Devin Williams (NYM),RP8,51,258,116.6,48.6,-20
113,,Jacob Misiorowski (MIL),SP32,75,148,116.8,15.2,7
114,,Chase Burns (CIN),"SP,RP1",83,176,121.6,19.5,4
115,,Luke Keaschall (MIN),2B7,87,202,121.6,13.6,13
116,,Cam Schlittler (NYY),SP33,96,167,124,10.6,13
117,,Sandy Alcantara (MIA),SP34,81,194,124.7,27,48
118,,Agustin Ramirez (MIA),C6,62,167,125.1,27.9,-8
119,,Nathan Eovaldi (TEX),SP35,73,173,127.8,20.9,21
120,,Ozzie Albies (ATL),2B8,106,203,128.1,19.5,17
121,,Nick Lodolo (CIN),SP36,88,161,128.4,11.8,15
122,,Michael King (SD),SP37,94,158,128.7,16.7,16
123,,Jo Adell (LAA),OF25,105,205,129,23.9,3
124,,Emmet Sheehan (LAD),SP38,82,238,129.2,20.6,21
125,,Brandon Nimmo (TEX),OF26,71,190,130.4,18.6,5
126,,Luis Castillo (SEA),SP39,88,176,132.2,27.2,15
127,,Drake Baldwin (ATL),C7,83,179,132.9,23.4,-21
128,,Ryan Pepiot (TB),SP40,79,195,133.4,11.1,15
129,,Robbie Ray (SF),SP41,91,205,134.5,21.4,35
130,,Will Smith (LAD),C8,99,196,134.6,23.5,-27
131,,Andy Pages (LAD),OF27,108,199,136,25.7,2
132,,Zack Wheeler (PHI),SP42,70,207,136.7,29.5,2
133,,Bubba Chandler (PIT),SP43,80,155,136.7,13.2,36
134,,Ranger Suarez (BOS),SP44,91,166,139.4,18.7,34
135,,Luis Robert Jr. (NYM),OF28,107,229,139.9,29.4,-10
136,,Matt Chapman (SF),3B7,85,200,140.4,30.7,14
137,,Jacob Wilson (ATH),SS15,80,214,141,22.8,25
138,,Trevor Rogers (BAL),SP45,103,222,141.4,22.8,22
139,,Jakob Marsee (MIA),OF29,94,185,142.4,22.6,-12
140,,Gavin Williams (CLE),SP46,113,194,142.4,15.5,6
141,,Lawrence Butler (ATH),OF30,114,220,142.9,29.8,-10
142,,MacKenzie Gore (TEX),SP47,75,206,144.2,20.9,12
143,,Josh Hader (HOU),RP9,55,240,145.8,42.4,-50
144,,Drew Rasmussen (TB),SP48,101,184,147.1,24.1,22
145,,Raisel Iglesias (ATL),RP10,77,291,150.7,59.4,-34
146,,Shota Imanaga (CHC),SP49,104,211,152.1,21.4,30
147,,Taylor Ward (BAL),OF31,98,250,152.6,34.1,-25
148,,Ceddanne Rafaela (BOS),OF32,105,195,152.6,24.8,13
149,,Dansby Swanson (CHC),SS16,117,198,155.1,21,4
150,,Ryan Helsley (BAL),RP11,69,284,138.6,52.5,-29
151,,Tanner Bibee (CLE),SP50,100,194,155.9,17.7,29
152,,Steven Kwan (CLE),OF33,110,206,157.6,24.3,5
153,,Ian Happ (CHC),OF34,81,246,162.9,30.9,3
154,,Carlos Estevez (KC),RP12,86,301,163.4,56.5,-40
155,,Jeff Hoffman (TOR),RP13,84,285,163.8,50.1,-23
156,,Edward Cabrera (CHC),SP51,131,196,167,17.1,40
157,,Pete Fairbanks (MIA),RP14,97,287,168.2,45.5,-10
158,,Ivan Herrera (STL),C9,112,221,168.4,21.5,5
159,,Xavier Edwards (MIA),SS17,135,209,169.1,23.5,15
160,,Daniel Palencia (CHC),RP15,83,292,170.2,50.2,-1
161,,Cade Horton (CHC),SP52,109,261,170.7,19,31
162,,Jurickson Profar (ATL),OF35,120,216,170.9,24.9,10
163,,Willson Contreras (BOS),1B14,100,218,171.4,31,7
164,,Carlos Rodon (NYY),SP53,131,216,171.9,18.3,23
165,,Spencer Torkelson (DET),1B15,102,220,173.2,22.2,18
166,,Yainer Diaz (HOU),C10,95,228,173.8,30.7,-27
167,,Brandon Lowe (PIT),2B9,118,240,177.2,30.8,-9
168,,Jack Flaherty (DET),SP54,99,267,177.6,29.8,46
169,,Tatsuya Imai (HOU),SP55,115,205,178.1,22.4,13
170,,Bryan Reynolds (PIT),OF36,107,252,178.3,28.9,16
171,,Jonathan Aranda (TB),1B16,120,233,178.8,28.5,17
172,,Noelvi Marte (CIN),3B8,137,275,178.9,37.9,-28
173,,Shane Baz (BAL),SP56,98,240,179.4,21.5,39
174,,Emilio Pagan (CIN),RP16,86,290,179.6,48.7,-32
175,,Dylan Crews (WSH),OF37,127,223,181.6,22.1,16
176,,Andrew Abbott (CIN),SP57,126,251,181.9,19.9,13
177,,Kenley Jansen (DET),RP17,106,291,183.6,40.5,-22
178,,Aaron Nola (PHI),SP58,119,259,184.1,22.2,25
179,,Adley Rutschman (BAL),C11,141,269,184.4,29.9,-30
180,,Shane McClanahan (TB),SP59,120,248,185.9,28,50
181,,Brenton Doyle (COL),OF38,124,263,186.2,38.2,4
182,,Zac Gallen (ARI),SP60,97,363,189.2,36,31
183,,Marcus Semien (NYM),2B10,139,246,190.2,27.5,-6
184,,Trevor Megill (MIL),RP18,124,288,190.6,38.4,-49
185,,Matthew Boyd (CHC),SP61,105,273,190.7,29,13
186,,Alec Burleson (STL),OF39,108,278,193.2,42.7,-13
187,,Isaac Paredes (HOU),3B9,116,276,194,36.9,-16
188,,Merrill Kelly (ARI),SP62,121,264,194.9,27.5,28
189,,Chandler Simpson (TB),OF40,128,286,195.1,35,-22
190,,Mike Trout (LAA),OF41,146,262,196.6,30.5,-15
191,,Christian Walker (HOU),1B17,148,241,196.9,32.5,6
192,,Colson Montgomery (CWS),SS18,131,279,197.8,33.4,-11
193,,Royce Lewis (MIN),3B10,153,265,200.2,28.9,8
194,,Kris Bubic (KC),SP63,111,246,201,30.4,0
195,,Shane Bieber (TOR),SP64,99,292,191.4,45.4,0
196,,Heliot Ramos (SF),OF42,154,283,204.7,29.3,23
197,,Ryan Walker (SF),RP19,87,294,206,46.8,8
198,,Alejandro Kirk (TOR),C12,120,299,206.1,33.8,-20
199,,Addison Barger (TOR),3B11,119,260,206.3,29.3,5
200,,Jorge Polanco (NYM),2B11,127,263,211.3,34.9,9
201,,Ezequiel Tovar (COL),SS19,121,281,213.2,33.8,31
202,,Daylen Lile (WSH),OF43,178,250,213.3,16.5,18
203,,Joe Musgrove (SD),SP65,114,388,213.5,31.9,31
204,,Dennis Santana (PIT),RP20,142,313,215.2,46.7,-14
205,,Gleyber Torres (DET),2B12,143,266,215.4,28.4,5
206,,Jackson Holliday (BAL),2B13,138,312,215.9,48.9,-54
207,,Connelly Early (BOS),SP66,133,249,216.7,21.6,53
208,,Sal Stewart (CIN),1B18,175,255,217.5,21.3,17
209,,Wilyer Abreu (BOS),OF44,178,281,219.3,23.3,22
210,,Matt McLain (CIN),2B14,185,263,219.8,22.4,17
211,,Bryson Stott (PHI),2B15,155,282,219.9,35.9,-27
212,,Daulton Varsho (TOR),OF45,159,243,220.7,18.3,-5
213,,Kyle Manzardo (CLE),1B19,174,252,221.2,26.8,34
214,,Kerry Carpenter (DET),OF46,156,289,221.4,23,23
215,,Gabriel Moreno (ARI),C13,164,287,225.8,36,-7
216,,Luis Garcia (WSH),2B16,136,265,226.1,24.4,35
217,,Sal Frelick (MIL),OF47,201,273,230.9,21.1,-6
218,,Munetaka Murakami (CWS),1B20,136,298,221.1,29.9,-39
219,,Jordan Westburg (BAL),2B17,106,287,209.7,53.3,-95
220,,Kazuma Okamoto (TOR),3B12,150,296,222.5,45.3,-27
221,,Gerrit Cole (NYY),SP67,116,307,233.8,39.6,-22
222,,Ryne Nelson (ARI),"SP,RP2",149,277,236.3,30.6,46
223,,Samuel Basallo (BAL),C14,157,283,236.6,34.2,18
224,,Francisco Alvarez (NYM),C15,161,288,226.5,36.8,-6
225,,Andrew Vaughn (MIL),1B21,164,282,226.8,28.9,60
226,,Kyle Teel (CWS),C16,167,296,237.6,33.4,-9
227,,Ramon Laureano (SD),OF48,171,266,229.4,24.6,11
228,,Noah Cameron (KC),SP68,188,273,230.6,23.1,16
229,,Otto Lopez (MIA),2B18,161,281,241.4,25.6,17
230,,Bryce Miller (SEA),SP69,186,294,231.7,31.2,13
231,,Adolis Garcia (PHI),OF49,179,275,241.9,17.2,2
232,,Roki Sasaki (LAD),SP70,187,293,233.8,32.5,-9
233,,Konnor Griffin (PIT) NRI,SS20,120,308,234.8,46.6,-12
234,,Brendan Donovan (SEA),2B19,104,290,234.9,35.9,5
235,,Trent Grisham (NYY),OF50,208,277,245.1,19,-6
236,,Xander Bogaerts (SD),SS21,132,292,236.3,30,6
237,,Casey Mize (DET),SP71,140,284,225.8,39.1,27
238,,Jose Soriano (LAA),SP72,84,323,226.7,43.9,102
239,,Abner Uribe (MIL),RP21,127,288,226.7,40.5,-39
240,,Griffin Jax (TB),RP22,93,296,238.2,46.4,-14
241,,Jack Leiter (TEX),SP73,110,306,248.6,33.8,14
242,,Jac Caglianone (KC),1B22,129,260,229.3,15.9,-20
243,,Max Muncy (LAD),3B13,171,283,243.5,24.9,-37
244,,TJ Friedl (CIN),OF51,198,298,246.3,21.9,37
245,,Jordan Beck (COL),OF52,203,291,246.5,20,53
246,,Masyn Winn (STL),SS22,149,296,236.3,39,30
247,,Alec Bohm (PHI),3B14,168,297,240.4,30.1,1
248,,Shane Smith (CWS),SP74,160,276,240.5,28.6,23
249,,Seranthony Dominguez (CWS),RP23,138,318,243.4,39.1,20
250,,Mark Vientos (NYM),3B15,84,315,256.3,33.4,11
251,,JJ Wetherholt (STL) NRI,SS23,135,291,249.5,29.9,6
252,,Grayson Rodriguez (LAA) IL10,SP75,164,435,264.5,60.9,31
253,,Jake Burger (TEX),1B23,174,314,262.1,26,29
254,,Carlos Correa (HOU),SS24,167,293,253.8,23.2,0
255,,Caleb Durbin (BOS),2B20,228,298,264.1,22.4,-3
256,,Luis Arraez (SF),2B21,173,375,255.4,46,-7
257,,Quinn Priester (MIL),"SP,RP3",146,331,256.3,32.8,-7
258,,Spencer Steer (CIN),1B24,205,335,258,30.2,-23
259,,Joey Cantillo (CLE),"SP,RP4",128,355,258.8,45.1,40
260,,Josh Lowe (LAA),OF53,229,292,259.7,14.7,59
261,,Ryan Weathers (NYY),SP76,136,309,261,33.7,35
262,,Marcell Ozuna (PIT),DH3,144,336,269.8,22.4,3
263,,Parker Messick (CLE),SP77,135,311,262.5,41.7,50
264,,Mitch Keller (PIT),SP78,129,345,241.5,46.5,50
265,,Carter Jensen (KC),C17,163,309,253.6,38.5,-25
266,,Kodai Senga (NYM),SP79,139,304,254.8,33,1
267,,David Peterson (NYM),SP80,96,351,243.6,54.6,34
268,,Colton Cowser (BAL),OF54,220,294,265.5,15.2,-15
269,,Jose Caballero (NYY),2B22,175,364,266.1,40.2,-45
270,,Mickey Moniak (COL),OF55,215,308,266.8,19.8,24
271,,J.T. Realmuto (PHI),C18,203,353,258.3,42.6,-43
272,,Bryan Abreu (HOU),RP24,112,320,259.9,37.9,-6
273,,Matt Shaw (CHC),3B16,180,410,275.3,56.8,-11
274,,Brett Baty (NYM),3B17,191,305,263.6,25,33
275,,Jasson Dominguez (NYY),OF56,201,275,242.1,21.4,-30
276,,Sean Manaea (NYM),"SP,RP5",159,303,266.4,19.4,41
277,,Kevin McGonigle (DET) NRI,SS25,184,326,277.2,31.4,29
278,,Nolan Schanuel (LAA),1B25,146,354,273.1,35.4,55
279,,Brady Singer (CIN),SP81,140,314,264,41.9,10
280,,Robert Suarez (ATL),RP25,201,293,254,33.6,-78
281,,Logan Henderson (MIL),SP82,182,300,269.3,22.9,3
282,,Will Warren (NYY),SP83,150,326,279.7,35.8,34
283,,Yusei Kikuchi (LAA),SP84,89,350,259.7,41.2,29
284,,Clay Holmes (NYM),SP85,126,344,261.2,41.2,4
285,,Zebby Matthews (MIN),SP86,134,359,282,43.1,67
286,,Brayan Bello (BOS),SP87,150,333,266.2,43.1,4
287,,Dillon Dingler (DET),C19,213,374,277,43.2,-29
288,,Miguel Vargas (CWS),3B18,212,324,280.2,24,14
289,,Jung Hoo Lee (SF),OF57,242,311,280.4,18.1,-30
290,,Giancarlo Stanton (NYY),RF1,205,319,271.2,32.1,-75
291,,Chase DeLauter (CLE),OF58,221,317,281.8,23.4,-5
292,,Riley O'Brien (STL),RP26,155,340,273.7,37.6,37
293,,Michael Wacha (KC),SP88,157,365,277.2,40.8,38
294,,Spencer Schwellenbach (ATL) IL60,SP89,83,436,251.3,142.8,-146
295,,Brandon Pfaadt (ARI),SP90,130,370,270.8,47.5,60
296,,Edwin Uceta (TB),RP27,217,403,292.8,44.4,-19
297,,Andres Gimenez (TOR),2B23,266,316,290.3,13.7,3
298,,Cade Cavalli (WSH),SP91,148,347,268,58.1,139
299,,Jeff McNeil (ATH),2B24,259,337,291.9,27.3,28
300,,Anthony Santander (TOR),OF59,216,238,228.4,7.6,-9
301,,Josh Bell (MIN),1B26,164,322,293.1,16,106
302,,Cedric Mullins II (TB),OF60,248,325,293.3,22.7,23
303,,Justin Crawford (PHI) NRI,OF61,198,372,284.3,48.5,1
304,,Austin Wells (NYY),C20,224,300,257.3,26.8,-68
305,,Bryce Eldridge (SF),1B27,201,398,302.7,41.6,42
306,,Tommy Edman (LAD),2B25,255,303,291.1,11,12
307,,Colt Keith (DET),2B26,178,323,281.6,30.4,-27
308,,Chris Bassitt (BAL),SP92,144,440,295.6,77.7,-11
309,,Braxton Ashcraft (PIT),"SP,RP6",132,311,271.8,24.9,15
310,,Hurston Waldrep (ATL) IL60,SP93,186,277,253,29.4,5
311,,Zach Eflin (BAL),SP94,154,392,300.8,43.5,55
312,,Jameson Taillon (CHC),SP95,175,328,298.3,16.1,-9
313,,Reynaldo Lopez (ATL),SP96,179,376,298.9,41.4,44
314,,Cody Ponce (TOR),"SP,RP7",130,324,274,30.1,-21
315,,Ryan O'Hearn (PIT),1B28,252,341,291,26.1,-45
316,,Luis Severino (ATH),SP97,152,440,291.3,84.5,106
317,,Mike Burrows (HOU),"SP,RP8",141,377,294.7,38.5,24
318,,Logan O'Hoppe (LAA),C21,240,319,290.8,21.7,-62
319,,Robert Garcia (TEX),RP28,137,358,292.3,32.3,-46
320,,Reid Detmers (LAA),RP29,136,338,293.8,24.3,25
321,,Chad Patrick (MIL),SP98,144,352,278.4,82.9,40
322,,Jose Berrios (TOR),SP99,171,458,310.5,85.1,89
323,,Nick Castellanos (SD),OF62,191,391,312,47.8,3
324,,Bailey Ober (MIN),SP100,145,358,285.4,46.2,-45
325,,Andrew Painter (PHI),SP101,234,391,315.3,55.2,10
326,,Jonah Tong (NYM),SP102,237,348,287.8,42,32
327,,Seth Lugo (KC),SP103,170,353,312.7,30.3,-16
328,,Ian Seymour (TB),"SP,RP9",127,357,303.3,27.9,-36
329,,Anthony Volpe (NYY),SS26,217,360,313.7,33.4,8
330,,Brooks Lee (MIN),SS27,263,363,304.3,31.1,-8
331,,Lenyn Sosa (CWS),2B27,271,403,311.8,43.3,1
332,,Jeffrey Springs (ATH),SP104,168,429,306.4,84.6,36
333,,Willi Castro (COL),2B28,220,444,319.8,60.9,-5
334,,Grant Taylor (CWS),RP30,176,417,316.8,59.3,70
335,,Josh Jung (TEX),3B19,245,335,311,17.8,-15
336,,Ryan Jeffers (MIN),C22,248,343,299.4,36.2,-62
337,,Will Vest (DET),RP31,275,333,302.6,23.5,-65
338,,Kirby Yates (LAA),RP32,218,377,315.5,49.7,-17
339,,Evan Carter (TEX),OF63,288,349,314.8,20.3,-52
340,,Carson Benge (NYM) NRI,OF64,251,368,316.5,50.4,6
341,,Tyler Mahle (SF),SP105,209,352,307.2,27.1,22
342,,Owen Caissie (MIA),OF65,226,374,308.2,51,61
343,,Robby Snelling (MIA) NRI,SP106,285,366,319.3,30.5,27
344,,Jake Cronenworth (SD),2B29,283,395,324.2,37.9,-1
345,,Jacob Lopez (ATH),SP107,246,373,311.6,52.5,26
346,,Tyler Stephenson (CIN),C23,247,346,311.4,29,-83
347,,Jordan Lawlar (ARI),3B20,263,378,313,48.1,20
348,,Clayton Beeter (WSH),RP33,219,346,297.8,50.1,60
349,,Kevin Ginkel (ARI),RP34,271,534,345,97.5,50
350,,Ernie Clement (TOR),3B21,284,329,298,18.2,-75
351,,Spencer Horwitz (PIT),1B29,201,366,313,30.4,43
352,,J.P. Crawford (SEA),SS28,163,386,316,36.4,-8
353,,Cam Smith (HOU),RF2,219,355,313.4,31.9,22
354,,Eduardo Rodriguez (ARI),SP108,155,507,333,124.7,163
355,,Brandon Marsh (PHI),OF66,256,354,327.3,25.8,21
356,,Chase Meidroth (CWS),3B22,272,386,322.4,37.3,34
357,,Harrison Bader (SF),OF67,262,438,338.8,66.6,5
358,,Nolan Arenado (ARI),3B23,256,398,329.8,54.1,-80
359,,Victor Vodnik (COL),RP35,220,381,324.2,59.9,65
360,,Matt Wallner (MIN),OF68,239,380,324.4,29.1,-21
361,,Matthew Liberatore (STL),SP109,184,441,329.5,93.5,62
362,,Michael McGreevy (STL),SP110,165,465,336.3,108.2,142
363,,Luis Gil (NYY),SP111,146,397,327.3,105.3,-68
364,,Marcelo Mayer (BOS),2B30,249,356,295.7,44.7,-11
365,,Braxton Garrett (MIA),SP112,156,446,301,145,147
366,,Jake Mangum (PIT),OF69,212,404,327,70.5,15
367,,Isaac Collins (KC),LF1,222,344,303,57.3,26
368,,Landen Roupp (SF),SP113,177,436,337.5,96.7,113
369,,Jared Jones (PIT) IL60,SP114,269,424,353.4,68.3,11
370,,Zack Littell (FA),SP115,174,434,304,130,58
371,,Troy Melton (DET),"SP,RP10",280,344,306,27.5,8
372,,Justin Steele (CHC),SP116,236,379,325.8,54.4,-24
373,,Lucas Giolito (FA),SP117,181,390,315.3,95.2,-13
374,,Jordan Walker (STL),OF70,268,360,324.8,34.3,8
375,,Lars Nootbaar (STL),OF71,272,363,334.2,29.4,11
376,,Jordan Wicks (CHC),"SP,RP11",187,806,496.5,309.5,408
377,,Edgar Quero (CWS),C24,272,367,325.8,36.7,-8
378,,Slade Cecconi (CLE),SP118,191,416,350.3,92.5,51
379,,Robert Stephenson (LAA),RP36,270,405,344.8,47.4,36
380,,Grant Holmes (ATL),SP119,284,505,379.3,94.9,63
381,,Dominic Canzone (SEA),OF72,287,439,356,52.5,-4
382,,Dylan Beavers (BAL),OF73,310,350,331.5,14.4,-44
383,,Gavin Sheets (SD),1B30,257,401,339,53,30
384,,Moises Ballesteros (CHC),C25,270,380,335.3,40.2,-11
385,,Carson Kelly (CHC),C26,270,373,320.7,42.1,-76
386,,Victor Robles (SEA),OF74,283,394,349.6,40.5,31
387,,Paul Goldschmidt (NYY),1B31,224,497,390.5,102.2,-37
388,,Tanner Scott (LAD),RP37,288,438,346.3,65.6,-39
389,,Jesus Sanchez (TOR),OF75,286,394,347.8,43.9,-6
390,,Simeon Woods Richardson (MIN),SP120,283,405,342.3,49.9,52
391,,Taylor Rogers (MIN),RP38,286,491,371.3,87.1,47
392,,Parker Meadows (DET),OF76,259,416,348,65.8,68
393,,Austin Hays (CWS),OF77,265,428,363,70.5,16
394,,Joey Ortiz (MIL),SS29,267,406,363,57,62
395,,Luis Morales (ATH),SP121,272,409,357.5,51.4,57
396,,Jose A. Ferrer (SEA),RP39,274,558,427.7,117.1,77
397,,Jonathan India (KC),2B31,320,448,366.5,49,-63
398,,Cole Sands (MIN),"SP,RP12",275,525,400,125,214
399,,Romy Gonzalez (BOS),2B32,276,378,327,51,42
400,,Triston Casas (BOS),1B32,277,470,384.7,80.4,63
401,,Jhostynxon Garcia (PIT),OF78,279,566,422.5,143.5,216
402,,Rhys Hoskins (CLE) NRI,1B33,280,468,374,94,184
403,,Pavin Smith (ARI),1B34,282,480,381,99,123
404,,Carlos Narvaez (BOS),C27,286,387,336.5,50.5,-81
405,,Kyle Finnegan (DET),RP40,286,374,344,41,-54
406,,Alexis Diaz (TEX),RP41,287,522,410,96.3,208
407,,Tyler O'Neill (BAL),OF79,287,402,344.5,57.5,-16
408,,Ryan Waldschmidt (ARI) NRI,OF80,290,479,384.5,94.5,85
409,,Zach McKinstry (DET),3B24,332,385,352.3,23.3,-99
410,,Payton Tolle (BOS),"SP,RP13",304,399,351.5,47.5,21
411,,Kristian Campbell (BOS),2B33,307,450,386,59.3,33
412,,Bo Naylor (CLE),C28,311,379,356.3,32.1,-28
413,,JoJo Romero (STL),RP42,314,435,376.8,42.9,-17
414,,Jacob Latz (TEX),"SP,RP14",317,444,380.5,63.5,131
415,,Victor Scott (STL),OF81,325,389,365.3,28.7,-110
416,,Nolan Gorman (STL),2B34,327,413,383.7,40.1,-11
417,,Josh Smith (TEX),SS30,341,361,351,10,-75
418,,Dustin May (STL),SP122,331,433,386.7,42.2,-8
419,,Jordan Leasure (CWS),RP43,331,390,360.5,29.5,-32
420,,Nasim Nunez (WSH),SS31,338,403,370.5,32.5,119
421,,Johan Oviedo (BOS),SP123,339,420,379.5,40.5,-7
422,,Paul Sewald (ARI),RP44,340,821,580.5,240.5,275
423,,Ha-Seong Kim (ATL),SS32,342,371,356.5,14.5,-51
424,,Jacob Melton (TB),OF82,348,459,405,45.4,129
425,,Ronny Henriquez (MIA) IL60,RP45,355,593,474,119,83
426,,Connor Norby (MIA),3B25,358,372,366.7,6.2,-25
427,,Christian Moore (LAA),2B35,357,423,396.3,28.4,9
428,,Cristian Javier (HOU),SP124,365,384,373.3,7.9,-43
429,,Jeremiah Estrada (SD),RP46,367,450,402.7,34.9,-121
430,,Ke'Bryan Hayes (CIN),3B26,368,464,416,48,29
431,,Jake Meyers (HOU),OF83,369,432,400.5,31.5,36
432,,Victor Caratini (MIN),C29,377,377,377,0,63
433,,Colt Emerson (SEA) NRI,SS33,380,425,402.5,22.5,31
434,,Luke Weaver (NYM),RP47,381,466,423.5,42.5,-75
435,,Max Meyer (MIA),SP125,381,402,395,9.9,-40
436,,Jorge Soler (LAA),OF84,382,398,391,6.7,21
437,,Gregory Soto (PIT),RP48,383,586,484.5,101.5,209
438,,Spencer Arrighetti (HOU),SP126,383,419,401,18,-41
439,,Ryan McMahon (NYY),3B27,385,413,402.3,12.4,-109
440,,Brady House (WSH),3B28,386,482,434,48,100
441,,Kody Clemens (MIN),1B35,387,387,387,0,9
442,,Keibert Ruiz (WSH),C30,388,388,388,0,12
443,,Mike Yastrzemski (ATL),OF85,389,427,408,19,-13
444,,Freddy Fermin (SD),C31,389,408,398.5,9.5,-4
445,,Camilo Doval (NYY),RP49,392,481,436.5,44.5,-45
446,,Lucas Erceg (KC),RP50,393,506,442,47.3,77
447,,Michael Soroka (ARI),"SP,RP15",393,393,393,0,-58
448,,Jared Triolo (PIT),2B36,394,443,418.5,24.5,-2
449,,Cole Young (SEA),2B37,395,504,449.5,54.5,116
450,,Taj Bradley (MIN),SP127,395,418,406.5,11.5,8
451,,Sung-Mun Song (SD),2B38,396,502,449,53,95
452,,Harry Ford (WSH),C32,397,411,404,7,-7
453,,Dean Kremer (BAL),SP128,399,417,408,9,-33
454,,Luis Rengifo (MIL),2B39,400,442,421,21,14
455,,Andrew Benintendi (CWS),OF86,400,404,401.3,1.9,-39
456,,Trevor Larnach (MIN),OF87,401,447,418,20.6,-30
457,,Aidan Miller (PHI) NRI,SS34,404,404,404,0,35
458,,Sean Murphy (ATL),C33,405,441,423,18,-70
459,,Tyler Wells (BAL),SP129,407,455,431,24,27
460,,Thomas White (MIA) NRI,SP130,408,433,418,10.8,-41
461,,Miguel Andujar (SD),OF88,410,472,441,31,-14
462,,Brayan Rocchio (CLE),SS35,410,410,410,0,104
463,,Tony Santillan (CIN),RP51,411,461,440.3,21.3,-38
464,,Luisangel Acuna (CWS),2B40,412,428,420,8,-58
465,,Denzel Clarke (ATH),OF89,412,426,419,7,5
466,,Garrett Cleavinger (TB),RP52,412,415,413.5,1.5,-45
467,,Colby Thomas (ATH),OF90,414,537,475.5,61.5,159
468,,Garrett Whitlock (BOS),RP53,414,414,414,0,-112
469,,Matt Brash (SEA),RP54,415,473,444,29,-57
470,,Javier Baez (DET),SS36,418,454,436,18,-92
471,,Gabriel Arias (CLE),2B41,419,467,443,24,101
472,,Tyler Rogers (TOR),RP55,420,618,519,99,-118
473,,Jake McCarthy (COL),OF91,421,421,421,0,76
474,,Lane Thomas (KC),OF92,422,422,422,0,-3
475,,Hyeseong Kim (LAD),2B42,423,486,454.5,31.5,-57
476,,Griffin Conine (MIA),OF93,424,508,466,42,137
477,,Kumar Rocker (TEX),SP131,425,492,458.5,33.5,124
478,,Joe Boyle (TB),"SP,RP16",426,426,426,0,19
479,,CJ Kayfus (CLE),1B36,429,484,456.5,27.5,12
480,,Christopher Morel (MIA),LF2,430,511,470.5,40.5,113
481,,Wenceel Perez (DET),CF4,430,430,430,0,-33
482,,Jonah Heim (ATL),C34,431,548,489.5,58.5,70
483,,Danny Jansen (TEX),C35,431,431,431,0,-3
484,,Adrian Del Castillo (ARI),C36,432,642,537,105,211
485,,Max Clark (DET) NRI,OF94,434,567,500.5,66.5,58
486,,Patrick Bailey (SF),C37,437,437,437,0,-53
487,,Dalton Rushing (LAD),C38,439,439,439,0,-38
488,,Brooks Baldwin (CWS),2B43,443,443,443,0,-23
489,,Lance McCullers Jr. (HOU),SP132,445,631,538,93,207
490,,Tyler Freeman (COL),2B44,445,445,445,0,12
491,,Nick Gonzales (PIT),2B45,446,514,480,34,31
492,,Miguel Amaya (CHC),C39,447,447,447,0,-53
493,,Adrian Houser (SF),SP133,448,448,448,0,22
494,,Justin Sterner (ATH),RP56,449,449,449,0,-60
495,,Mauricio Dubon (ATL),OF95,451,451,451,0,-26
496,,Phil Maton (CHC),RP57,452,452,452,0,-35
497,,Kyle Higashioka (TEX),C40,453,453,453,0,-35
498,,Matt Svanson (STL),RP58,456,456,456,0,-13
499,,Joey Bart (PIT),C41,457,457,457,0,-3
500,,Carson Williams (TB),SS37,460,460,460,0,-23
501,,Adrian Morejon (SD),RP59,462,462,462,0,-136
502,,Joe Mack (MIA),C42,463,463,463,0,66
503,,Joshua Baez (STL),OF96,469,469,469,0,86
504,,Brandon Sproat (MIL),SP134,471,471,471,0,23
505,,Troy Johnston (COL),1B37,474,474,474,0,86
506,,Coby Mayo (BAL),1B38,475,475,475,0,-79
507,,Gavin Lux (TB),2B46,476,476,476,0,24
508,,Sean Burke (CWS),"SP,RP17",477,477,477,0,17
509,,Steven Matz (TB),RP60,478,478,478,0,10
510,,Liam Hicks (MIA),C43,483,483,483,0,-23
511,,Andrew Kittredge (BAL),RP61,485,485,485,0,-36
512,,Zach Cole (HOU),OF97,487,487,487,0,1
513,,Mick Abel (MIN),SP135,488,488,488,0,37
514,,Elmer Rodriguez (NYY),SP136,489,489,489,0,89
515,,Garrett Mitchell (MIL),OF98,490,490,490,0,70
516,,Foster Griffin (WSH),RP62,493,493,493,0,64
517,,Austin Martin (MIN),2B47,494,494,494,0,87
518,,Justin Verlander (DET),SP137,495,495,495,0,-144
519,,Ryan Mountcastle (BAL),1B39,496,496,496,0,59
520,,Thomas Saggese (STL),2B48,498,498,498,0,90
521,,Casey Schmitt (SF),3B29,499,499,499,0,67
522,,Travis Bazzana (CLE) NRI,2B49,500,500,500,0,-39
523,,Pedro Pages (STL),C44,501,501,501,0,-5
524,,Walker Jenkins (MIN) NRI,OF99,503,503,503,0,4
525,,Alek Thomas (ARI),OF100,509,509,509,0,67
526,,Yoan Moncada (LAA),3B30,510,510,510,0,28
527,,Colin Rea (CHC),"SP,RP18",512,512,512,0,29
528,,Ben Brown (CHC),"SP,RP19",513,513,513,0,80
529,,Jett Williams (MIL) NRI,SS38,515,515,515,0,78
530,,Rhett Lowder (CIN),SP138,516,516,516,0,-9
531,,Brad Keller (PHI),RP63,517,517,517,0,-96
532,,Hunter Harvey (CHC),RP64,518,518,518,0,15
533,,Jake Bauers (MIL),1B40,519,519,519,0,63
534,,Javier Sanoja (MIA),2B50,520,520,520,0,-68
535,,J.T. Ginn (ATH),"SP,RP20",521,521,521,0,81
536,,JJ Bleday (CIN),OF101,523,523,523,0,86
537,,Lourdes Gurriel Jr. (ARI),OF102,524,524,524,0,-36
538,,Brice Matthews (HOU),2B51,526,526,526,0,91
539,,Nathaniel Lowe (CIN) NRI,1B41,527,527,527,0,28
540,,Carmen Mlodzinski (PIT),"SP,RP21",528,528,528,0,101
541,,Corbin Burnes (ARI) IL60,SP139,529,529,529,0,-177
542,,Christian Scott (NYM),SP140,530,530,530,0,64
543,,Calvin Faucher (MIA),RP65,531,531,531,0,-9
544,,Robert Gasser (MIL),SP141,532,532,532,0,79
545,,Louis Varland (TOR),RP66,533,533,533,0,-51
546,,Kyle Leahy (STL),RP67,535,535,535,0,-11
547,,Heriberto Hernandez (MIA),OF103,536,536,536,0,74
548,,Blaze Alexander (BAL),2B52,538,538,538,0,61
549,,Nick Martinez (TB),"SP,RP22",539,539,539,0,-117
550,,Tim Tawa (ARI),2B53,540,540,540,0,65
551,,Adael Amador (COL),2B54,541,541,541,0,83
552,,Henry Davis (PIT),C45,542,542,542,0,-4
553,,Charlie Condon (COL) NRI,1B42,543,543,543,0,10
554,,Ben Joyce (LAA),RP68,544,544,544,0,-30
555,,JP Sears (SD),SP142,545,545,545,0,-57
556,,Ronny Mauricio (NYM),2B55,546,546,546,0,62
557,,Aaron Ashby (MIL),RP69,547,547,547,0,54
558,,Zack Gelof (ATH),2B56,549,549,549,0,-80
559,,Mark Leiter Jr. (ATH),RP70,550,550,550,0,68
560,,Cade Povich (BAL),SP143,551,551,551,0,45
561,,Max Scherzer (FA),SP144,552,552,552,0,-45
562,,Isiah Kiner-Falefa (BOS),3B31,553,553,553,0,17
563,,Kutter Crawford (BOS),SP145,554,554,554,0,57
564,,Joc Pederson (TEX),DH4,555,555,555,0,75
565,,Anthony Kay (CWS),"SP,RP23",556,556,556,0,68
566,,Spencer Jones (FA),SP146,557,557,557,0,-
567,,Luke Raley (SEA),OF104,559,559,559,0,64
568,,Hunter Gaddis (CLE),RP71,560,560,560,0,-170
569,,Nathan Lukes (TOR),OF105,561,561,561,0,-97
570,,Hogan Harris (ATH),RP72,562,562,562,0,68
571,,Vaughn Grissom (LAA),2B57,563,563,563,0,73
572,,Jack Perkins (FA),"SP,RP24",564,564,564,0,-
573,,Richard Fitts (STL),SP147,565,565,565,0,59
574,,Nick Fortes (TB),C46,568,568,568,0,80
575,,Drew Anderson (DET),RP73,569,569,569,0,96
576,,River Ryan (LAD),SP148,570,570,570,0,52
577,,Jeferson Quero (MIL),C47,571,571,571,0,59
578,,Edmundo Sosa (PHI),SS39,572,572,572,0,-46
579,,Graham Pauley (MIA),3B32,573,573,573,0,70
580,,Jimmy Crooks III (STL),C48,574,574,574,0,55
581,,Davis Schneider (TOR),2B58,575,575,575,0,-70
582,,Seth Halvorsen (COL),RP74,576,576,576,0,43
583,,Janson Junk (MIA),"SP,RP25",577,577,577,0,77
584,,Ryan Bergert (KC),SP149,578,578,578,0,59
585,,Edouard Julien (COL),2B59,579,579,579,0,-1
586,,Michael Kopech (FA),RP75,580,580,580,0,-26
587,,Quinn Mathews (STL) NRI,SP150,581,581,581,0,37
588,,Hayden Birdsong (SF),"SP,RP26",582,582,582,0,62
589,,Eric Lauer (TOR),"SP,RP27",583,583,583,0,-134
590,,Sebastian Walcott (TEX) NRI,SS40,584,584,584,0,40
591,,Zac Veen (COL),OF106,585,585,585,0,-62
592,,Masataka Yoshida (BOS),OF107,587,587,587,0,-113
593,,Eric Wagaman (MIN),1B43,588,588,588,0,64
594,,Jake Fraley (TB),OF108,589,589,589,0,73
595,,Kyle Harrison (MIL),"SP,RP28",590,590,590,0,24
596,,Matt Strahm (KC),RP76,591,591,591,0,-204
597,,Angel Martinez (CLE),LF3,592,592,592,0,-20
598,,Christian Encarnacion-Strand (CIN),1B44,594,594,594,0,47
599,,Ryan Weiss (HOU),SP151,595,595,595,0,53
600,,Robert Hassell III (WSH),OF109,596,596,596,0,72
601,,AJ Blubaugh (HOU),"SP,RP29",597,597,597,0,41
602,,Shawn Armstrong (CLE),RP77,598,598,598,0,-151
603,,Taylor Walls (TB),SS41,599,599,599,0,85
604,,Justin Wrobleski (LAD),RP78,600,600,600,0,-14
605,,Emmanuel Rodriguez (MIN),OF110,601,601,601,0,42
606,,Cody Bradford (TEX),SP152,602,602,602,0,55
607,,Chase Dollander (COL),SP153,603,603,603,0,30
608,,Sean Newcomb (CWS),"SP,RP30",604,604,604,0,77
609,,Jordan Romano (LAA),RP79,605,605,605,0,31
610,,Brad Lord (WSH),"SP,RP31",606,606,606,0,55
611,,Hunter Barco (PIT),"SP,RP32",607,607,607,0,51
612,,Trevor McDonald (SF),"SP,RP33",608,608,608,0,36
613,,Jacob Young (WSH),OF111,609,609,609,0,53
614,,Jonny DeLuca (TB),OF112,610,610,610,0,-84
615,,Luis Matos (SF),OF113,611,611,611,0,69
616,,Tobias Myers (NYM),"SP,RP34",612,612,612,0,54
617,,Chris Martin (TEX),RP80,613,613,613,0,34
618,,Matt Vierling (DET),OF114,614,614,614,0,72
619,,Justin Topa (MIN),RP81,615,615,615,0,56
620,,Davis Martin (CWS),SP154,616,616,616,0,60
621,,Ryan Ritter (COL),SS42,617,617,617,0,82
622,,Jaxon Wiggins (CHC) NRI,SP155,619,619,619,0,36
623,,Connor Phillips (CIN),RP82,620,620,620,0,36
624,,Richie Palacios (TB),OF115,621,621,621,0,52
625,,Aaron Civale (ATH),"SP,RP35",622,622,622,0,52
626,,Andruw Monasterio (BOS),2B60,623,623,623,0,85
627,,Kyle Karros (COL),3B33,624,624,624,0,47
628,,Abimelec Ortiz (WSH),1B45,625,625,625,0,53
629,,A.J. Puk (ARI) IL60,RP83,626,626,626,0,65
630,,Sawyer Gipson-Long (DET),"SP,RP36",627,627,627,0,25
631,,Daniel Schneemann (CLE),SS43,628,628,628,0,-61
632,,Otto Kemp (PHI),3B34,629,629,629,0,-49
633,,Drey Jameson (ARI),RP84,630,630,630,0,45
634,,Jeremiah Jackson (BAL),3B35,632,632,632,0,19
635,,Alek Manoah (LAA),SP156,633,633,633,0,28
636,,Miguel Rojas (LAD),SS44,634,634,634,0,-152
637,,Jorge Mateo (ATL),2B61,635,635,635,0,-86
638,,Esteury Ruiz (MIA),OF116,636,636,636,0,60
639,,JR Ritchie (ATL) NRI,SP157,637,637,637,0,17
640,,David Festa (MIN),SP158,638,638,638,0,29
641,,Will Benson (CIN),OF117,639,639,639,0,76
642,,Connor Wong (BOS),C49,640,640,640,0,40
643,,George Valera (CLE),OF118,641,641,641,0,-105
644,,Stephen Kolek (KC),SP159,643,643,643,0,-62
645,,Yimi Garcia (TOR),RP85,644,644,644,0,47
646,,Kaelen Culpepper (MIN) NRI,SS45,645,645,645,0,47
647,,Luis Campusano (SD),C50,646,646,646,0,61
648,,Ezequiel Duran (TEX),3B36,647,647,647,0,74
649,,Michael Conforto (CHC),OF119,648,648,648,0,71
650,,Logan Allen (FA),RP86,649,649,649,0,-
651,,Jose Alvarado (PHI),RP87,650,650,650,0,-175
652,,Blaine Crim (COL),1B46,651,651,651,0,66
653,,Mason Montgomery (PIT),RP88,652,652,652,0,38
654,,Alejandro Osuna (TEX),OF120,653,653,653,0,70
655,,Jose Quintana (COL),SP160,654,654,654,0,28
656,,Michael Massey (KC),2B62,655,655,655,0,46
657,,Amed Rosario (NYY),2B63,656,656,656,0,-95
658,,Noah Schultz (CWS) NRI,SP161,657,657,657,0,6
659,,Bryce Elder (ATL),SP162,658,658,658,0,9
660,,Darell Hernaiz (ATH),SS46,659,659,659,0,69
661,,Nelson Rada (LAA) NRI,OF121,660,660,660,0,52
662,,Gage Jump (ATH) NRI,SP163,661,661,661,0,17
663,,Randy Vasquez (SD),SP164,662,662,662,0,41
664,,Nathan Church (STL),OF122,663,663,663,0,85
665,,Luis Torrens (NYM),C51,664,664,664,0,-94
666,,Patrick Sandoval (BOS),SP165,665,665,665,0,33
667,,James McCann (ARI),C52,666,666,666,0,56
668,,Ryan Yarbrough (NYY),"SP,RP37",667,667,667,0,64
669,,Drew Pomeranz (LAA),"SP,RP38",668,668,668,0,36
670,,Ty France (SD) NRI,1B47,669,669,669,0,63
671,,Dylan Moore (FA),2B64,670,670,670,0,-90
672,,Cooper Ingle (CLE) NRI,C53,671,671,671,0,38
673,,Cole Henry (WSH),RP89,672,672,672,0,53
674,,Gavin Stone (LAD),SP166,673,673,673,0,53
675,,Bryan Baker (TB),RP90,674,674,674,0,25
676,,Kade Anderson (SEA) NRI,SP167,675,675,675,0,11
677,,Alex Vesia (LAD),RP91,676,676,676,0,-341
678,,Fernando Cruz (NYY),RP92,677,677,677,0,-172
679,,Tanner McDougal (CWS),SP168,678,678,678,0,46
680,,David Hamilton (MIL),SS47,679,679,679,0,29
681,,Ricky Tiedemann (TOR),SP169,680,680,680,0,8
682,,Curtis Mead (CWS),3B37,681,681,681,0,19
683,,Trey Gibson (BAL) NRI,SP170,682,682,682,0,36
684,,Alex Freeland (LAD),SS48,683,683,683,0,32
685,,Jose Trevino (CIN),C54,684,684,684,0,45
686,,Joel Peguero (SF),RP93,685,685,685,0,-110
687,,George Klassen (LAA) NRI,SP171,686,686,686,0,50
688,,Gary Sanchez (MIL),C55,687,687,687,0,26
689,,Orion Kerkering (PHI),RP94,688,688,688,0,-153
690,,Elvis Alvarado (ATH),RP95,689,689,689,0,58
691,,Brody Hopkins (TB) NRI,SP172,690,690,690,0,64
692,,David Fry (CLE),DH5,691,691,691,0,23
693,,Hunter Dobbins (STL),SP173,692,692,692,0,57
694,,Carlos Santana (ARI),1B48,693,693,693,0,-194
695,,Graham Ashcraft (CIN),RP96,694,694,694,0,33
696,,Walker Buehler (SD) NRI,SP174,695,695,695,0,-23
697,,Kevin Alcantara (CHC),OF123,696,696,696,0,37
698,,Drew Gilbert (SF),OF124,697,697,697,0,33
699,,Kyle Isbel (KC),OF125,698,698,698,0,-99
700,,Justin Lawrence (PIT),RP97,699,699,699,0,51
701,,Braxton Fulford (COL),C56,700,700,700,0,60
702,,Andre Pallante (STL),SP175,701,701,701,0,41
703,,Gabe Speier (SEA),RP98,702,702,702,0,-193
704,,Leo De Vries (ATH) NRI,SS49,703,703,703,0,31
705,,Michael Lorenzen (COL),"SP,RP39",704,704,704,0,1
706,,Nolan Jones (CLE),OF126,705,705,705,0,33
707,,Carson Whisenhunt (SF),SP176,706,706,706,0,37
708,,Jerar Encarnacion (SF),OF127,707,707,707,0,54
709,,Jesus Rodriguez (SF),C57,708,708,708,0,-167
710,,Nick Yorke (PIT),2B65,709,709,709,0,28
711,,Heston Kjerstad (BAL),LF4,710,710,710,0,43
712,,Kody Funderburk (MIN),RP99,711,711,711,0,66
713,,Ryan Ward (LAD),OF128,712,712,712,0,56
714,,Jason Adam (SD),RP100,713,713,713,0,-312
715,,Dane Myers (CIN),OF129,714,714,714,0,71
716,,Ben Williamson (TB),3B38,715,715,715,0,84
717,,Hagen Smith (CWS) NRI,SP177,716,716,716,0,35
718,,Braden Montgomery (CWS) NRI,OF130,717,717,717,0,47
719,,Tyler Austin (CHC),1B49,718,718,718,0,89
720,,Kai-Wei Teng (HOU),"SP,RP40",719,719,719,0,25
721,,Mitch Bratt (ARI),SP178,720,720,720,0,45
722,,Cole Winn (TEX),RP101,721,721,721,0,69
723,,Josiah Gray (WSH),SP179,722,722,722,0,47
724,,James Outman (MIN),OF131,723,723,723,0,58
725,,Rob Refsnyder (SEA),OF132,724,724,724,0,69
726,,Ty Johnson (TB) NRI,"SP,RP41",725,725,725,0,72
727,,Didier Fuentes (ATL),SP180,726,726,726,0,30
728,,Griffin Canning (SD),SP181,727,727,727,0,14
729,,Mitch Garver (SEA),C58,728,728,728,0,34
730,,Javier Assad (CHC),SP182,729,729,729,0,46
731,,Max Anderson (DET) NRI,2B66,730,730,730,0,16
732,,Ben Casparius (LAD),"SP,RP42",731,731,731,0,-212
733,,Oswald Peraza (LAA),3B39,732,732,732,0,81
734,,Joey Loperfido (HOU),OF133,733,733,733,0,-22
735,,Chris Paddack (MIA),"SP,RP43",734,734,734,0,32
736,,Tommy Pham (FA),OF134,735,735,735,0,60
737,,Michael Toglia (CIN) NRI,1B50,736,736,736,0,4
738,,Ryan Thompson (ARI),RP102,737,737,737,0,50
739,,Josue Briceno (DET) NRI,C59,738,738,738,0,17
740,,Deyvison De Los Santos (MIA),3B40,739,739,739,0,47
741,,Ryan Bliss (SEA),2B67,740,740,740,0,52
742,,Maximo Acosta (MIA),SS50,741,741,741,0,74
743,,Ramon Urias (STL),3B41,742,742,742,0,32
744,,Ryan Clifford (NYM) NRI,1B51,743,743,743,0,14
745,,Ethan Pecko (HOU),SP183,744,744,744,0,36
746,,Keegan Akin (BAL),"SP,RP44",745,745,745,0,-25
747,,Liam Doyle (STL),SP184,746,746,746,0,17
748,,Jose Urquidy (PIT),RP103,747,747,747,0,55
749,,Dylan Lee (ATL),RP104,748,748,748,0,-192
750,,Scott Barlow (ATH),RP105,749,749,749,0,35
751,,Everson Pereira (CWS),OF135,750,750,750,0,55
752,,Blake Perkins (MIL),OF136,751,751,751,0,45
753,,Yanquiel Fernandez (NYY) NRI,OF137,752,752,752,0,18
754,,Connor Prielipp (MIN),SP185,753,753,753,0,48
755,,Jose Fermin (STL),2B68,754,754,754,0,80
756,,Jake Irvin (WSH),SP186,755,755,755,0,4
757,,DL Hall (MIL),"SP,RP45",756,756,756,0,66
758,,Blade Tidwell (SF),"SP,RP46",757,757,757,0,34
759,,Rowdy Tellez (FA),1B52,758,758,758,0,31
760,,Ryne Stanek (STL),RP106,759,759,759,0,73
761,,T.J. Rumfield (COL) NRI,1B53,760,760,760,0,100
762,,Wilmer Flores (FA),1B54,761,761,761,0,-22
763,,Angel Zerpa (MIL),RP107,762,762,762,0,59
764,,Joey Wentz (ATL),"SP,RP47",763,763,763,0,-11
765,,Alan Roden (MIN),OF138,764,764,764,0,14
766,,Luis Perales (WSH),"SP,RP48",765,765,765,0,11
767,,Warming Bernabel (WSH) NRI,1B55,766,766,766,0,7
768,,Kemp Alderman (MIA) NRI,OF139,767,767,767,0,47
769,,Juan Mejia (COL),RP108,768,768,768,0,55
770,,Jahmai Jones (DET),LF5,769,769,769,0,37
771,,Jordan Montgomery (TEX),SP187,770,770,770,0,39
772,,Daniel Espino (CLE),SP188,771,771,771,0,11
773,,Jesus Made (MIL) NRI,SS51,772,772,772,0,-37
774,,Kade Strowd (ARI),RP109,773,773,773,0,37
775,,Coleman Crow (MIL),SP189,774,774,774,0,50
776,,Nacho Alvarez Jr. (ATL),3B42,775,775,775,0,56
777,,Tyrone Taylor (NYM),OF140,776,776,776,0,81
778,,Yohel Pozo (STL),C60,777,777,777,0,42
779,,Carlos Lagrange (NYY) NRI,SP190,778,778,778,0,-11
780,,Bryan Torres (STL),OF141,779,779,779,0,65
781,,Jarlin Susana (WSH) NRI,SP191,780,780,780,0,28
782,,Travis d'Arnaud (LAA),C61,781,781,781,0,69
783,,Austin Wynns (ATH),C62,782,782,782,0,44
784,,Jake Rogers (DET),C63,783,783,783,0,-210
785,,Caden Dana (LAA),SP192,784,784,784,0,20
786,,Andres Chaparro (WSH),1B56,785,785,785,0,88
787,,Max Kepler (FA),OF142,786,786,786,0,-80
788,,Hector Rodriguez (CIN),OF143,787,787,787,0,33
789,,Leody Taveras (BAL),OF144,788,788,788,0,103
790,,Bobby Miller (LAD),SP193,789,789,789,0,29
791,,Jose Miranda (SD) NRI,3B43,790,790,790,0,82
792,,Tyler Kinley (ATL),RP110,791,791,791,0,-20
793,,Daniel Susac (SF),C64,792,792,792,0,48
794,,Chase Petty (CIN),SP194,793,793,793,0,56
795,,Tyler Heineman (TOR),C65,794,794,794,0,41
796,,Bryan King (HOU),RP111,795,795,795,0,-307
797,,Orlando Arcia (MIN) NRI,SS52,796,796,796,0,69
798,,Tyler Fitzgerald (SF),2B69,797,797,797,0,-293
799,,Pierce Johnson (CIN),RP112,798,798,798,0,64
800,,Jack Dreyer (LAD),"SP,RP49",799,799,799,0,-310
801,,Endy Rodriguez (PIT),C66,800,800,800,0,-6
802,,Thairo Estrada (BAL) NRI,2B70,801,801,801,0,-56
803,,Zach Dezenzo (HOU),LF6,802,802,802,0,37
804,,Yoendrys Gomez (TB),"SP,RP50",803,803,803,0,56
805,,Tyler Holton (DET),"SP,RP51",804,804,804,0,-352
806,,Jonathon Long (CHC) NRI,1B57,805,805,805,0,62
807,,Tomoyuki Sugano (COL),SP195,807,807,807,0,-6
808,,Josh White (MIA),RP113,808,808,808,0,38
809,,Tommy Troy (ARI) NRI,2B71,809,809,809,0,53
810,,Erik Miller (SF),RP114,810,810,810,0,74
811,,Enrique Hernandez (LAD) IL60,2B72,811,811,811,0,-323
812,,Porter Hodge (CHC),RP115,812,812,812,0,-8
813,,Johnathan Rodriguez (CLE),OF145,813,813,813,0,135
814,,Jose Butto (SF),"SP,RP52",814,814,814,0,38
815,,Michael Kelly (ATH),RP116,815,815,815,0,66
816,,Mike Vasil (CWS),"SP,RP53",816,816,816,0,1
817,,Junior Perez (ATH),OF146,817,817,817,0,81
818,,Erick Fedde (CWS),"SP,RP54",818,818,818,0,51
819,,Enrique Bradfield Jr. (BAL) NRI,OF147,819,819,819,0,-39
820,,PJ Poulin (WSH),RP117,820,820,820,0,96
821,,Justin Slaten (BOS),RP118,822,822,822,0,-318
822,,Kyle Freeland (COL),SP196,823,823,823,0,-63
823,,Jamie Arnold (ATH) NRI,SP197,824,824,824,0,44
824,,Mike Tauchman (NYM) NRI,OF148,825,825,825,0,10
825,,Tyler Locklear (ARI),1B58,826,826,826,0,24
826,,Adam Frazier (LAA) NRI,2B73,827,827,827,0,5
827,,Rafael Marchan (PHI),C67,828,828,828,0,1
828,,Mitchell Parker (WSH),SP198,829,829,829,0,83
829,,Trey Sweeney (DET),SS53,830,830,830,0,14
830,,Eric Orze (MIN),RP119,831,831,831,0,74
831,,Tyler Tolbert (KC),LF7,832,832,832,0,23
832,,Jarred Kelenic (CWS) NRI,OF149,833,833,833,0,53
833,,A.J. Minter (NYM),RP120,834,834,834,0,-258
834,,Jimmy Herget (COL),RP121,835,835,835,0,80
835,,Anthony Bender (MIA),RP122,836,836,836,0,21
836,,Cody Freeman (TEX),2B74,837,837,837,0,21
837,,MJ Melendez (NYM),OF150,838,838,838,0,130
838,,Esmerlyn Valdez (PIT),RF3,839,839,839,0,-49
839,,Emerson Hancock (SEA),"SP,RP55",840,840,840,0,38
840,,Emiliano Teodo (TEX),RP123,841,841,841,0,24
841,,Ryan Johnson (FA),3B44,842,842,842,0,-
842,,Jonathan Loaisiga (ARI),RP124,843,843,843,0,82
843,,Cristian Mena (ARI),"SP,RP56",844,844,844,0,50
844,,Taijuan Walker (PHI),"SP,RP57",845,845,845,0,-15
845,,Clarke Schmidt (NYY) IL60,SP199,846,846,846,0,-1
846,,Hunter Bigge (TB),RP125,847,847,847,0,97
847,,Jared Koenig (MIL),RP126,848,848,848,0,-303
848,,Luinder Avila (KC),RP127,849,849,849,0,-22
849,,Khal Stephen (CLE),SP200,850,850,850,0,87
850,,Michael Arroyo (SEA) NRI,2B75,851,851,851,0,25
851,,David Davalillo (TEX),SP201,852,852,852,0,80
852,,Drew Thorpe (CWS),SP202,853,853,853,0,149
853,,Eli White (ATL),OF151,854,854,854,0,80
854,,Paul DeJong (NYY) NRI,SS54,855,855,855,0,-340
855,,Myles Straw (TOR),OF152,856,856,856,0,21
856,,Ryan Zeferjahn (LAA),RP128,857,857,857,0,-19
857,,Max Schuemann (NYY),2B76,858,858,858,0,84
858,,Blake Treinen (LAD),RP129,859,859,859,0,-300
859,,Nick Allen (HOU),SS55,860,860,860,0,30
860,,Hao-Yu Lee (DET),2B77,861,861,861,0,72
861,,Brock Wilken (MIL) NRI,3B45,862,862,862,0,36
862,,Kyren Paris (LAA),2B78,863,863,863,0,39
863,,Jack Wenninger (NYM) NRI,SP203,864,864,864,0,82
864,,LaMonte Wade Jr. (CWS) NRI,OF153,865,865,865,0,159
865,,Eloy Jimenez (TOR) NRI,OF154,866,866,866,0,40
866,,Keider Montero (DET),"SP,RP58",867,867,867,0,-279
867,,Tre' Morgan (TB) NRI,1B59,868,868,868,0,24
868,,Carlos Cortes (ATH),OF155,869,869,869,0,3
869,,Christian Koss (SF),2B79,870,870,870,0,141
870,,Sterlin Thompson (COL),1B60,871,871,871,0,8
871,,Dominic Keegan (TB),C68,872,872,872,0,150
872,,Osvaldo Bido (NYY),"SP,RP59",873,873,873,0,58
873,,Henry Bolte (ATH) NRI,OF156,874,874,874,0,14
874,,Miles Mikolas (WSH),SP204,875,875,875,0,-56
875,,Alex Call (LAD),OF157,876,876,876,0,-316
876,,Griff McGarry (WSH),SP205,877,877,877,0,75
877,,Seth Brown (NYY) NRI,OF158,878,878,878,0,161
878,,Chase Silseth (LAA),RP130,879,879,879,0,103
879,,Ryan Feltner (COL),SP206,880,880,880,0,90
880,,Rece Hinds (HS),SS56,881,881,881,0,-
881,,Julian Fernandez (WSH),RP131,882,882,882,0,44
882,,Jadher Areinamo (TB),2B80,883,883,883,0,90
883,,Patrick Corbin (FA),SP207,884,884,884,0,-45
884,,Travis Sykora (WSH) NRI,SP208,885,885,885,0,-54
885,,Liam Hendriks (MIN) NRI,RP132,886,886,886,0,-15
886,,Andrew Nardi (MIA),RP133,887,887,887,0,64
887,,Ralphy Velazquez (CLE) NRI,1B61,888,888,888,0,87
888,,Jason Foley (SF) IL60,RP134,889,889,889,0,74
889,,Martin Perez (ATL) NRI,SP209,890,890,890,0,46
890,,Jose Corniell (TEX),"SP,RP60",891,891,891,0,-353
891,,Nick Mears (KC),RP135,892,892,892,0,32
892,,Eduard Bazardo (SEA),RP136,893,893,893,0,4
893,,Juan Brito (CLE),1B62,894,894,894,0,-3
894,,Bryce Teodosio (LAA),OF159,895,895,895,0,71
895,,Brendan Rodgers (BOS) NRI,2B81,896,896,896,0,94
896,,Bradgley Rodriguez (SD),RP137,897,897,897,0,72
897,,Steven Okert (HOU),RP138,898,898,898,0,41
898,,Tyler Black (MIL),1B63,899,899,899,0,24
899,,Yariel Rodriguez (TOR) NRI,RP139,900,900,900,0,-390
900,,Johan Rojas (PHI),OF160,901,901,901,0,-301
901,,Lazaro Montes (SEA) NRI,OF161,902,902,902,0,-48
902,,Tyler Anderson (FA),SP210,903,903,903,0,76
903,,Bowden Francis (TOR) IL60,SP211,904,904,904,0,-61
904,,Cooper Pratt (MIL) NRI,SS57,905,905,905,0,53
905,,Gabriel Rincones (PHI),OF162,906,906,906,0,4
906,,Christian Franklin (WSH),OF163,907,907,907,0,113
907,,Felix Bautista (BAL) IL60,RP140,908,908,908,0,-334
908,,Yilber Diaz (ARI),RP141,909,909,909,0,131
909,,Jakob Junis (TEX),RP142,910,910,910,0,106
910,,Jeimer Candelario (LAA) NRI,3B46,911,911,911,0,124
911,,Brandon Lockridge (MIL),OF164,912,912,912,0,117
912,,Erik Sabrowski (CLE),RP143,913,913,913,0,54
913,,Cesar Salazar (FA),C69,914,914,914,0,-
914,,Jacob Reimer (NYM) NRI,3B47,915,915,915,0,-12
915,,Andy Ibanez (ATH),2B82,916,916,916,0,41
916,,Vidal Brujan (NYM),3B48,917,917,917,0,125
917,,Eduardo Valencia (DET),DH6,918,918,918,0,80
918,,Zach Maxwell (CIN),RP144,919,919,919,0,-70
919,,David Sandlin (CWS),"SP,RP61",920,920,920,0,99
920,,Brendon Little (TOR),RP145,921,921,921,0,-351
921,,Justyn-Henry Malloy (TB),OF165,922,922,922,0,52
922,,Jedixson Paez (CWS),SP212,923,923,923,0,7
923,,Hunter Feduccia (TB),C70,924,924,924,0,-8
924,,Jordan Hicks (CWS),"SP,RP62",925,925,925,0,-36
925,,Yennier Cano (BAL),RP146,926,926,926,0,38
926,,Thomas Harrington (PIT),"SP,RP63",927,927,927,0,-18
927,,Tyler Bremner (LAA) NRI,SP213,928,928,928,0,-14
928,,Isaac Mattson (PIT),RP147,929,929,929,0,-10
929,,Kohl Drake (ARI),SP214,930,930,930,0,64
930,,Will Wagner (SD),1B64,931,931,931,0,78
931,,Justin Martinez (ARI) IL60,RP148,932,932,932,0,-59
932,,Bennett Sousa (HOU),RP149,933,933,933,0,-368
933,,Alfredo Duno (CIN),C71,934,934,934,0,72
934,,Randal Grichuk (FA),OF166,935,935,935,0,80
935,,Brooks Raley (NYM),RP150,936,936,936,0,-428
936,,Jose Siri (LAA),OF167,937,937,937,0,48
937,,Kyle Hendricks (FA),"SP,RP64",938,938,938,0,-58
938,,Craig Yoho (MIL),RP151,939,939,939,0,22
939,,Jack Suwinski (LAD),OF168,940,940,940,0,-40
940,,Tyler Callihan (CIN),2B83,941,941,941,0,164
941,,Mickey Gasper (BOS),C72,942,942,942,0,-20
942,,Tirso Ornelas (SD) NRI,OF169,943,943,943,0,119
943,,Nick Solak (SD) NRI,1B65,944,944,944,0,79
944,,Sam Hentges (SF),RP152,945,945,945,0,153
945,,Sam Antonacci (CWS) NRI,2B84,946,946,946,0,14
946,,German Marquez (SD),SP215,947,947,947,0,-134
947,,Trey Mancini (LAA) NRI,OF170,948,948,948,0,36
948,,Mitch Spence (KC),"SP,RP65",949,949,949,0,164
949,,Elias Diaz (KC) NRI,C73,950,950,950,0,160
950,,Michael Helman (TEX),OF171,951,951,951,0,57
951,,Jose Iglesias (FA),2B85,952,952,952,0,74
952,,Triston McKenzie (SD) NRI,"SP,RP66",953,953,953,0,-70
953,,Austin Hedges (CLE),C74,954,954,954,0,165
954,,Tyler Robertson (FA),RP153,955,955,955,0,-
955,,Trei Cruz (DET),SS58,956,956,956,0,144
956,,David Morgan (SD),RP154,957,957,957,0,-19
957,,LuJames Groover (ARI) NRI,3B49,958,958,958,0,109
958,,Josue De Paula (LAD) NRI,OF172,959,959,959,0,-58
959,,Carson Seymour (SF),"SP,RP67",960,960,960,0,-20
960,,Ethan Salas (SD) NRI,C75,961,961,961,0,-105
961,,Starling Marte (FA),OF173,962,962,962,0,-66
962,,Rico Garcia (BAL),RP155,963,963,963,0,168
963,,Alexander Alberto (CWS),RP156,964,964,964,0,-14
964,,Angel Genao (FA),C76,965,965,965,0,-
965,,Bradley Blalock (MIA),SP216,966,966,966,0,112
966,,Drew Sommers (DET),RP157,967,967,967,0,167
967,,Leo Rivas (SEA),SS59,968,968,968,0,60
968,,James Triantos (CHC),2B86,969,969,969,0,85
969,,Jose Tena (WSH),2B87,970,970,970,0,42
970,,Gabriel Gonzalez (MIN),OF174,971,971,971,0,6
971,,Keaton Winn (SF),"SP,RP68",972,972,972,0,-68
972,,Luke Sinnard (ATL),SP217,973,973,973,0,136
973,,Jesse Scholtens (TB),"SP,RP69",974,974,974,0,39
974,,Randy Rodriguez (SF) IL60,RP158,975,975,975,0,-4
975,,Bo Davidson (SF) NRI,OF175,976,976,976,0,31
976,,Luis De Leon (BAL) NRI,SP218,977,977,977,0,67
977,,Caleb Thielbar (CHC),RP159,978,978,978,0,96
978,,Sam Haggerty (TEX),OF176,979,979,979,0,132
979,,Niko Kavadas (LAA) NRI,1B66,980,980,980,0,167
980,,Dietrich Enns (BAL),"SP,RP70",981,981,981,0,0
981,,Bryan De La Cruz (PHI) NRI,OF177,982,982,982,0,161
982,,Brandyn Garcia (ARI),RP160,983,983,983,0,55
983,,Akil Baddoo (MIL),OF178,984,984,984,0,-28
984,,Bailey Falter (KC),SP219,985,985,985,0,46
985,,Nick Sogard (BOS),1B67,986,986,986,0,35
986,,Ryan Gusto (MIA),"SP,RP71",987,987,987,0,145
987,,Phillip Glasser (WSH) NRI,SS60,988,988,988,0,59
988,,Alex Jackson (MIN),C77,989,989,989,0,-34
989,,Derek Hill (CWS),OF179,990,990,990,0,114
990,,Jason Alexander (HOU),"SP,RP72",991,991,991,0,-70
991,,Nate Pearson (HOU),RP161,992,992,992,0,-152
992,,Michael Forret (TB),SP220,993,993,993,0,148
993,,Bryan Ramos (BAL),3B50,994,994,994,0,57
994,,Taylor Clarke (ARI),RP162,995,995,995,0,0
995,,John Means (KC),SP221,996,996,996,0,-196
996,,Jonathan Cannon (CWS),"SP,RP73",997,997,997,0,-21
997,,Brent Headrick (NYY),RP163,998,998,998,0,95
998,,Oswaldo Cabrera (NYY),3B51,999,999,999,0,4
999,,Tyler Phillips (MIA),RP164,1000,1000,NaN,0,-140
1000,,Shane Drohan (MIL),SP222,1001,1001,NaN,0,-9
1001,,Ryan Vilade (TB),LF8,1002,1002,NaN,0,160
1002,,Braydon Fisher (TOR),RP165,1003,1003,NaN,0,-58
1003,,Brusdar Graterol (LAD),RP166,1004,1004,NaN,0,126
1004,,Willie MacIver (TEX),C78,1005,1005,NaN,0,121
1005,,Shay Whitcomb (HOU),3B52,1006,1006,NaN,0,100
1006,,Bryce Johnson (SD),OF180,1007,1007,NaN,0,83
1007,,Ken Waldichuk (WSH),SP223,1008,1008,NaN,0,164
1008,,Gus Varland (WSH),RP167,1009,1009,NaN,0,76
1009,,Nick Loftin (KC),2B88,1010,1010,NaN,0,163
1010,,Paxton Schultz (WSH),RP168,1011,1011,NaN,0,163
1011,,Reese McGuire (MIL) NRI,C79,1012,1012,NaN,0,49
1012,,Tristan Gray (MIN),2B89,1013,1013,NaN,0,158
1013,,Craig Kimbrel (NYM) NRI,RP169,1014,1014,NaN,0,54
1014,,Edgardo Henriquez (LAD),RP170,1015,1015,NaN,0,-167
1015,,Andrew Knizner (SEA),C80,1016,1016,NaN,0,-89
1016,,Tyson Neighbors (BAL),RP171,1017,1017,NaN,0,-34
1017,,T.J. Nichols (TB) NRI,SP224,1018,1018,NaN,0,97
1018,,Jace Jung (DET),3B53,1019,1019,NaN,0,-72
1019,,Leonardo Bernal (STL),C81,1020,1020,NaN,0,-91
1020,,Dominic Smith (ATL) NRI,1B68,1021,1021,NaN,0,134
1021,,Denzer Guzman (LAA),SS61,1022,1022,NaN,0,3
1022,,Brandon Drury (KC) NRI,1B69,1023,1023,NaN,0,153
1023,,Andrew Alvarez (WSH),SP225,1024,1024,NaN,0,-71
1024,,Jared Shuster (STL) NRI,"SP,RP74",1025,1025,NaN,0,153
1025,,Joe Rock (TB),"SP,RP75",1026,1026,NaN,0,158
1026,,Jonathan Santucci (NYM),SP226,1027,1027,NaN,0,121
1027,,Anthony Banda (MIN),RP172,1028,1028,NaN,0,-11
1028,,Xavier Isaac (TB) NRI,1B70,1029,1029,NaN,0,-111
1029,,Joey Wiemer (WSH),OF181,1030,1030,NaN,0,-25
1030,,Keegan Thompson (COL),RP173,1031,1031,NaN,0,168
1031,,Brett Harris (ATH),3B54,1032,1032,NaN,0,106
1032,,Jackson Jobe (DET) IL60,"SP,RP76",1033,1033,NaN,0,-105
1033,,Stuart Fairchild (CLE) NRI,OF182,1034,1034,NaN,0,166
1034,,Ben Hess (NYY) NRI,SP227,1035,1035,NaN,0,38
1035,,Jesse Winker (FA),LF9,1036,1036,NaN,0,24
1036,,Kendry Rojas (MIN),SP228,1037,1037,NaN,0,26
1037,,Julio Urias (FA),SP229,1038,1038,NaN,0,49
1038,,Nick Madrigal (LAA) NRI,2B90,1039,1039,NaN,0,159
1039,,Gregory Santos (SF) NRI,RP174,1040,1040,NaN,0,-47
1040,,James Hicks (HOU),SP230,1041,1041,NaN,0,113
1041,,Owen Murphy (ATL) NRI,SP231,1042,1042,NaN,0,-45
1042,,Lucas Braun (ATL),SP232,1043,1043,NaN,0,-81
1043,,Tink Hence (STL),SP233,1044,1044,NaN,0,-79
1044,,Brock Burke (CIN),RP175,1045,1045,NaN,0,75
1045,,Enmanuel Valdez (PIT),1B71,1046,1046,NaN,0,135
1046,,RJ Schreck (TOR) NRI,OF183,1047,1047,NaN,0,147
1047,,Nicky Lopez (COL) NRI,3B55,1048,1048,NaN,0,160
1048,,Brycen Mautz (STL),SP234,1049,1049,NaN,0,163
1049,,Will Watson (NYM),SP235,1050,1050,NaN,0,163
1050,,Kris Bryant (COL) IL60,DH7,1051,1051,NaN,0,155
1051,,Abraham Toro (KC) NRI,3B56,1052,1052,NaN,0,-4
1052,,Jonatan Clase (TOR),OF184,1053,1053,NaN,0,158
1053,,Luis Medina (ATH),SP236,1055,1055,NaN,0,-18
1054,,Jake Bennett (BOS),SP237,1056,1056,NaN,0,53
1055,,Andrew McCutchen (FA),OF185,1057,1057,NaN,0,-161
1056,,Gage Wood (PHI),SP238,1058,1058,NaN,0,102
